Account_Name,Oracle Number,Record_Type,Account EE,Max MAU,12 Month Revenue,Account Segment,Customer Category,InsiderStatus,DIVISION,DnB_Market,DnB_Industry,First_Account_Contract,Account_Number
1ST SOURCE CORPORATION,6190412,US/Canada,"1,282","1,294","$432,616",Mid-market,Existing,Yes  Active,S&D - FIN,DEPOSITORY,"State trust companies accepting deposits, commercial",04/01/10,AC-00406957
A.M CASTLE & CO,6102578,US/Canada,"1,600","1,198","$416,979",Enterprise,Existing,,TRANS-DIST,WHLSALE-DURABLE,Metals service centers and offices,08/27/13,AC-00460212
ABC Technologies Inc.,6190601,US/Canada,"2,000","1,408","$992,403",Enterprise,Existing,No,MFG,RUBBER-PLASTICS,"Automotive parts, plastic",10/01/19,AC-00539576
ABILITY BEYOND DISABILITY  INC.,6196675,US/Canada,"1,154","1,356","$315,748",Mid-market,Existing,,GOVT-EDUC,SOCIAL SERVICES,Rehabilitation services,04/06/11,AC-00536758
"Acadia Management Company, LLC",6132579,US/Canada,"24,651","34,458","$2,869,044",Upper Enterprise,Existing,Yes  Active,HEALTHCARE,SPECIALTY,"Specialty outpatient clinics, nec",07/19/11,AC-00592788
"ACE PARKING MANAGEMENT, INC",6097072,US/Canada,"4,033","4,563","$1,044,714",Enterprise,Existing,No,S&D,AUTO GARAGES,Parking lots,06/03/09,AC-00378170
"ACRT, INC.",6127242,US/Canada,"1,476",9,"$25,834",Mid-market,Existing,No,S&D,ENG-MGMT SVCS,Environmental consultant,10/18/08,AC-00525373
ACUREN INSPECTION  INC.,6196884,US/Canada,"24,000","4,972","$1,369,042",Upper Enterprise,Existing,No,MFG,OIL-GAS EXTRACT,"Testing, measuring, surveying, and analysis services",07/02/18,AC-00585905
AFL TELECOMMUNICATIONS LLC,6180907,US/Canada,"2,942","2,982","$1,860,992",Enterprise,Existing,,MFG,SPECIAL TRADE,Fiber optic cable installation,10/01/15,AC-00541704
AGA SERVICE COMPANY,6193265,US/Canada,818,800,"$318,551",Mid-market,Existing,,S&D - FIN,HLDG-INVESTMENT,"Investment holding companies, except banks",05/13/15,AC-05747210
"AHF, LLC",6197232,US/Canada,"2,317","2,101","$1,104,088",Enterprise,Existing,,MFG,LUMBER-WOOD,"Flooring, hardwood",02/27/19,AC-03303844
AHMC HEALTHCARE,6196906,US/Canada,"6,200","2,484","$1,272,782",Upper Enterprise,Existing,,HEALTHCARE,HOSPITALS,General medical and surgical hospitals,11/10/17,AC-00591438
Ahrc New York City,6174411,US/Canada,"4,300",979,"$1,227,339",Upper Enterprise,Existing,,HEALTHCARE,HEALTH SERVICES,Blood related health services,12/21/17,AC-00603498
"AIMBRIDGE PARENT, INC.",6180332,US/Canada,"47,847","34,937","$3,786,537",Upper Enterprise,Existing,Yes  Active,S&D - FIN,INSUR-BROKERS,Pension and retirement plan consultants,03/25/15,AC-03532214
"AJINOMOTO FOODS NORTH AMERICA, INC.",6037324,US/Canada,"3,217","2,771","$1,423,239",Enterprise,Existing,No,MFG,FOOD-KINDRED,"Frozen specialties, nec",01/17/95,AC-00401607
AKEBONO BRAKE CORPORATION,6187126,US/Canada,"1,152",883,"$345,205",Enterprise,Existing,,MFG,AUTOMOTIVE,"Air brakes, motor vehicle",07/23/14,AC-00582855
ALAMOS GOLD INC,6197459,US/Canada,"3,000","1,947","$903,057",Enterprise,Existing,,MFG,METAL MINING,Open pit gold mining,01/02/19,AC-05564385
ALLEGIANT TRAVEL COMPANY,6182818,US/Canada,"6,616","5,301","$1,053,294",Upper Enterprise,Existing,No,S&D,TRANS SERVICES,Travel agencies,07/02/10,AC-00637526
"ALPHA METALLURGICAL SERVICES, LLC",6181060,US/Canada,"4,248","2,925","$623,449",Upper Enterprise,Existing,No,MFG,COAL MINING,Coal mining services,08/19/16,AC-00899331
"Alpha Natural Resources, Inc.",6196426,US/Canada,"5,400",5,$0,Upper Enterprise,Existing,,MFG,COAL MINING,Bituminous coal and lignite-surface mining,05/11/16,AC-00475690
Alsco Inc.,6073397,US/Canada,"14,200","8,597","$1,861,427",Upper Enterprise,Existing,No,S&D,PERSONAL SVCS,Uniform supply,08/27/13,AC-00613140
AMERICAN CHEMICAL SOCIETY,6186152,US/Canada,"1,931","2,877","$934,113",Upper Mid-market,Existing,No,S&D,BUSINESS SVCS,Display advertising service,10/31/17,AC-00518136
AMERICAN COMMERCIAL BARGE LINE LLC,6180718,US/Canada,"2,024","3,930","$808,325",Enterprise,Existing,,TRANS-DIST,WATER TRANS,Canal barge operations,12/31/18,AC-00465444
AMERICAN PSYCHOLOGICAL ASSOCIATION  INC.,6182911,US/Canada,600,593,"$296,902",Mid-market,Existing,No,S&D,MEMBERSHIP ORGS,Scientific membership association,02/10/15,AC-00444924
AMERICAN RENAL ASSOCIATES LLC,6196953,US/Canada,"4,500","4,121","$1,410,826",Enterprise,Existing,Yes  Active,HEALTHCARE,SPECIALTY,Kidney dialysis centers,12/13/19,AC-00604941
AMERICAN RESIDENTIAL SERVICES LLC,6182120,US/Canada,"13,500","8,129","$2,323,018",Enterprise,Existing,No,MFG,SPECIAL TRADE,Plumbing contractors,04/28/16,AC-00574167
AMSTED INDUSTRIES INCORPORATED,6185644,US/Canada,"10,100","5,776","$1,894,609",Upper Enterprise,Existing,Yes  Active,MFG,FABRCTD METALS,"Cooling towers, Metal plate",04/05/11,AC-00510801
"ANSCHUTZ ENTERTAINMENT GROUP, INC.",6195784,US/Canada,"5,432","2,654","$1,207,551",Upper Enterprise,Existing,,HOSPITALITY,AMUSEMENT-REC,Stadium event operator services,11/17/14,AC-05747722
ARCHDIOCESE OF WASHINGTON,6209081,US/Canada,"4,113","2,779","$995,464",Enterprise,Existing,,S&D,MEMBERSHIP ORGS,Catholic Church,09/01/11,AC-05747723
ARROW ELECTRONICS  INC.,6196388,US/Canada,"12,000","3,998","$935,572",Upper Enterprise,Existing,,TRANS-DIST,WHLSALE-DURABLE,"Electronic parts and equipment, nec",02/23/18,AC-00469337
ASBURY AUTOMOTIVE GROUP INC.,6186640,US/Canada,"9,235",842,"($266,225)",Upper Enterprise,Existing,,RETAIL,AUTO DEALR-SVC,"Automobiles, new and used",09/26/08,AC-00519521
"Asbury Automotive Group, Inc.",6195255,US/Canada,"8,000",195,"($130,566)",Upper Enterprise,Existing,,RETAIL,AUTO DEALR-SVC,"Automobiles, new and used",12/30/21,AC-05237512
ASPIRE LIVING & LEARNING INC.,6196243,US/Canada,"1,056",980,"$456,027",Mid-market,Existing,,GOVT-EDUC,SOCIAL SERVICES,Social service center,10/10/07,AC-00428535
Associated Catholic Charities Inc.,6186268,US/Canada,"1,798","1,659","$365,531",Enterprise,Existing,Yes  Active,GOVT-EDUC,SOCIAL SERVICES,Social service center,10/10/07,AC-00495615
"Audacy Operations, LLC",6197045,US/Canada,"5,000","3,998","$662,723",Enterprise,Existing,,S&D,COMMUNICATION,Radio broadcasting stations,10/10/07,AC-00631293
AUGUSTA HEALTH CARE  INC.,6196463,US/Canada,"2,722","3,043","$801,722",Enterprise,Existing,,HEALTHCARE,HOSPITALS,General medical and surgical hospitals,12/28/11,AC-00485769
"AVALON HEALTH CARE MANAGEMENT, INC",6122319,US/Canada,"7,000",,"$3,137",Upper Enterprise,Existing,No,HEALTHCARE,LONG TERM CARE,Skilled nursing care facilities,12/30/11,AC-00790572
AVISTA CORPORATION,6186999,US/Canada,"3,800","2,177","$615,966",Enterprise,Existing,No,MFG,ELEC-GAS-SANI,"Distribution, electric power",10/10/07,AC-00487959
AZGA SERVICE CANADA INC.,6197533,US/Canada,"1,240",635,"$185,242",Mid-market,Existing,,S&D - FIN,INSUR-BROKERS,"Insurance agents, brokers, and service",07/01/15,AC-05957646
"BAKER, DONELSON, BEARMAN, CALDWELL & BERKOWITZ, P.C.",6186612,US/Canada,"1,302","1,168","$348,155",Mid-market,Existing,,S&D,LEGAL SERVICES,"General practice attorney, lawyer",05/06/08,AC-00644419
BALLY'S CORPORATION,6182781,US/Canada,"8,468","15,877","$2,619,822",Upper Enterprise,Existing,No,HOSPITALITY,LODGING,Casino hotel,08/27/20,AC-00466350
BATH FITTER DISTRIBUTING INC.,6186466,US/Canada,"2,000",900,"$190,028",Upper Mid-market,Existing,,RETAIL,BUILDING-GARDEN,"Bathroom fixtures, equipment and supplies",12/30/17,AC-00554738
Bausch & Lomb Americas Inc.,6197838,US/Canada,"9,172","4,526","$2,098,849",Enterprise,Existing,No,MFG,CHEMICAL-ALLIED,Pharmaceutical preparations,04/09/21,AC-00545840
"Bausch Health US, LLC",6197126,US/Canada,"1,831","1,746","$691,990",Enterprise,Existing,,MFG,INSTR RLTD PDTS,Ophthalmic goods,02/01/19,AC-00649347
BECKER & POLIAKOFF  P.A.,6197101,US/Canada,350,364,"$125,461",Emerging,Existing,,S&D,LEGAL SERVICES,Legal services,11/27/07,AC-00642152
"BERKELEY EDUCATIONAL SERVICES OF NEW JERSEY, INC.",6195762,US/Canada,795,740,"$166,503",Upper Mid-market,Existing,Yes  Active,PUBLIC SECTOR - HE,HIGHER EDUC,Colleges and universities,09/18/09,AC-05747543
BERLITZ LANGUAGES  INC.,6181193,US/Canada,900,474,"$277,443",Enterprise,Existing,,MFG,PRINT-PUBLISH,"Books, publishing only",12/07/10,AC-00574005
BL HARBERT,6119563,US/Canada,"1,200",670,"$439,124",Upper Mid-market,Existing,No,MFG,GEN BLDG CONTRS,"Commercial and office building, new construction",01/21/15,AC-00508267
BLAKES SERVICES INC,6182718,US/Canada,"2,520","1,147","$354,720",Enterprise,Existing,,S&D,ENG-MGMT SVCS,Management services,07/02/12,AC-04652471
"Blink Holdings, Inc.",6197427,US/Canada,"2,401",5,$0,Upper Enterprise,Existing,,HOSPITALITY,AMUSEMENT-REC,Physical fitness clubs with training equipment,09/15/17,AC-05188134
Blue Bird Body Company,6197305,US/Canada,"1,939","2,367","$558,011",Enterprise,Existing,,MFG,AUTOMOTIVE,Truck and bus bodies,06/20/11,AC-03862150
"BOKF, NA",6196513,US/Canada,"5,118","5,112","$333,305",Enterprise,Existing,,S&D - FIN,SEC-COM BROKERS,Stock brokers and dealers,02/20/08,AC-00500274
BOZZUTO & ASSOCIATES  INC.,6184484,US/Canada,"4,220","5,007","$1,342,701",Enterprise,Existing,,MFG,GEN BLDG CONTRS,Condominium construction,12/04/19,AC-00479091
BRADLEY AIR SERVICES LIMITED,6190626,US/Canada,"1,590","1,198","$374,922",Enterprise,Existing,No,TRANS-DIST,AIR TRANS,Flying charter service,06/09/11,AC-00536784
"BRAND INDUSTRIAL SERVICES, INC. DBA BRANDSAFWAY",6164755,US/Canada,"6,000","6,267","$1,100,176",Enterprise,Existing,,MFG,SPECIAL TRADE,Scaffolding,10/11/17,AC-00461554
BRITISH COLUMBIA SAFETY AUTHORITY,6195930,US/Canada,460,459,"$136,187",Mid-market,Existing,Yes  Active,PUBLIC SECTOR,PUBLIC SECTOR,"Inspection for labor standards and safety, government",12/30/13,AC-05751620
BUILD-A-BEAR WORKSHOP  INC.,6194714,US/Canada,"7,000","6,208","$733,630",Enterprise,Existing,No,RETAIL,OTHER SPECIALTY,"Hobby, toy, and game shops",10/01/18,AC-00613072
C.P.G. INTERNATIONAL  INC.,6186450,US/Canada,"2,257","3,453","$1,116,836",Upper Mid-market,Existing,Yes  Active,MFG,RUBBER-PLASTICS,Plastics hardware and building products,09/01/17,AC-00422472
CALPINE CORPORATION,6189978,US/Canada,"2,435","2,624","$615,770",Enterprise,Existing,,MFG,ELEC-GAS-SANI,"Generation, electric power",01/04/11,AC-00469240
"Camden Development, Inc.",6196677,US/Canada,"2,500",7,"$61,087",Upper Mid-market,Existing,,S&D - FIN,INSUR-BROKERS,Real estate managers,10/10/07,AC-00536783
CANADA CARTAGE SYSTEM  LIMITED PARTNERSHIP,6180717,US/Canada,"4,088","3,781","$568,961",Enterprise,Existing,,TRANS-DIST,TRANS SERVICES,Transportation agents and brokers,11/19/18,AC-04549317
Capital Metropolitan Transportation Authority,6041768,US/Canada,"1,247",9,"$59,793",Mid-market,Existing,,TRANS-DIST,LOCAL PASSENGER,Bus line operations,10/10/07,AC-00408602
Cascades Canada ULC,6197008,US/Canada,"14,400","6,562","$1,499,091",Enterprise,Existing,,MFG,PAPER-ALLIED,Boxboard,12/23/16,AC-00618560
"Catapult Learning, LLC",6197554,US/Canada,"10,189","8,721","$1,560,690",Enterprise,Existing,,PUBLIC SECTOR - K12,K-12,Tutoring school,12/08/17,AC-05960710
Cavalier Enterprises Ltd,6197362,US/Canada,424,318,"$66,790",Mid-market,Existing,,HOSPITALITY,LODGING,Hotels,12/16/14,AC-04578547
CBI Home Health,6216361,US/Canada,"8,500","4,158","$387,024",Enterprise,New Site,No,HEALTHCARE,HEALTH SERVICES,Physiotherapist,07/24/25,AC-06085230
CBI Limited,6196139,US/Canada,"10,512","7,244","$899,432",Enterprise,Existing,,HEALTHCARE,HEALTH SERVICES,Physiotherapist,09/11/15,AC-00399837
CENTRIC HEALTH CORPORATION,6178656,US/Canada,"1,589","1,667","$340,058",Upper Mid-market,Existing,,S&D,ENG-MGMT SVCS,Hospital and health services consultant,12/19/16,AC-00438264
CHEESECAKE FACTORY,6000503,US/Canada,"64,000","29,117","$3,821,346",Upper Enterprise,Existing,Yes  Active,HOSPITALITY,EATING-DRINKING,American restaurant,09/26/02,AC-00438769
CHRISTIAN DIOR PERFUMES LLC,6196560,US/Canada,"11,226","5,974","$2,289,819",Upper Enterprise,Existing,,MFG,CHEMICAL-ALLIED,Perfumes and colognes,10/10/07,AC-00511758
"CITIZENS BANK, N.A",6147547,US/Canada,"18,000","16,687","$1,687,429",Upper Enterprise,Existing,,S&D - FIN,DEPOSITORY,State commercial banks,03/24/17,AC-00398544
City of Ann Arbor,6192146,US/Canada,"1,038","1,128","$294,177",Mid-market,Existing,,PUBLIC SECTOR,STATE & LOCAL,City and town managers' office,10/10/07,AC-00462473
CITY OF DETROIT,6047848,US/Canada,"10,505","9,258","$2,944,724",Upper Enterprise,Existing,Yes  Active,PUBLIC SECTOR,STATE & LOCAL,Mayors' office,12/15/14,AC-00533216
Clearpoint Health Network Inc,6193297,US/Canada,800,946,"$178,588",Mid-market,Existing,,HEALTHCARE,NON-ACUTE,Surgeon,01/03/20,AC-05761089
CLOROX SERVICES COMPANY,6197113,US/Canada,"5,772","4,363","$852,176",Enterprise,Existing,,MFG,CHEMICAL-ALLIED,Polishes and sanitation goods,03/06/19,AC-00644985
Coastal Community Credit Union,6186581,US/Canada,655,650,"$139,319",Mid-market,Existing,,S&D - FIN,DEPOSITORY,Federal credit unions,12/30/11,AC-04596600
CONFIE SEGUROS HOLDING CO.,6148662,US/Canada,"4,500","5,647","$1,217,761",Enterprise,Existing,,S&D - FIN,INSUR-BROKERS,"Insurance agents, nec",10/18/13,AC-00365569
"Consumer Reports, Inc.",6155929,US/Canada,585,578,"$224,409",Mid-market,Existing,,MFG,PRINT-PUBLISH,Miscellaneous publishing,09/30/19,AC-00621153
CO-OPERATORS FINANCIAL SERVICES LIMITED,6185074,US/Canada,"14,800","7,305","$980,577",Enterprise,Existing,,S&D - FIN,INSUR CARRIERS,Automobile insurance,12/28/11,AC-00583199
"Core-Mark International, Inc.",6194679,US/Canada,"8,658",64,"$129,175",Upper Enterprise,Existing,,TRANS-DIST,WHLSALE-NONDUR,"Groceries, general line",10/15/15,AC-00580589
"COVENANT MANAGEMENT SYSTEMS, LP",6044630,US/Canada,"2,045","2,684","$401,462",Enterprise,Existing,No,HEALTHCARE,HEALTH SERVICES,"Clinic, operated by physicians",07/26/03,AC-00488949
COVIA HOLDINGS LLC,6148655,US/Canada,"2,700","1,322","$723,475",Enterprise,Existing,,MFG,NONMETAL MINRLS,Silica mining,04/01/19,AC-00514902
Crawford & Company (Canada) Inc,6196519,US/Canada,"1,300",7,"$32,279",Mid-market,Existing,,S&D - FIN,INSUR-BROKERS,Insurance adjusters,12/30/10,AC-00502988
Crowell & Moring LLP,6184776,US/Canada,"1,248","1,076","$511,052",Mid-market,Existing,Yes  Active,S&D,LEGAL SERVICES,"Corporate, partnership and business law",01/01/09,AC-00565195
CULINARY INSTITUTE OF AMERICA,6077127,US/Canada,846,"1,206","$242,009",Mid-market,Existing,,PUBLIC SECTOR - HE,HIGHER EDUC,Colleges and universities,09/30/11,AC-00644298
CULLIGAN INTERNATIONAL COMPANY,6194304,US/Canada,"5,600","4,329","$2,544,152",Enterprise,Existing,No,MFG,INDL MACHINERY,Sewage and water treatment equipment,10/10/07,AC-00505144
"Dacotah Banks, Inc.",6196549,US/Canada,662,769,"$269,356",Mid-market,Existing,No,S&D - FIN,DEPOSITORY,State commercial banks,10/10/07,AC-00509151
DANFOSS POWER SOLUTIONS (US) COMPANY,6188239,US/Canada,"11,400","4,387","$1,807,884",Enterprise,Existing,,MFG,INDL MACHINERY,Fluid power pumps and motors,12/01/16,AC-00548197
DAYTON PROGRESS CORPORATION,6192079,US/Canada,675,250,"$168,282",Upper Mid-market,Existing,,MFG,INDL MACHINERY,"Punches, forming and stamping",04/03/08,AC-00575742
DEBORAH HEART AND LUNG CENTER,6038962,US/Canada,"1,119","1,074","$313,812",Mid-market,Existing,,HEALTHCARE,HEALTH SERVICES,Cardiologist and cardio-vascular specialist,10/15/12,AC-00606229
Del Monte Hotel Management LLC,6195747,US/Canada,927,825,"$123,224",Mid-market,Existing,,S&D,ENG-MGMT SVCS,Hotel or motel management,10/10/07,AC-05747370
DIDI HIRSCH PSYCHIATRIC SERVICE,6188996,US/Canada,734,"1,051","$378,437",Mid-market,Existing,,GOVT-EDUC,SOCIAL SERVICES,Family counseling services,04/01/08,AC-00639987
DIRTT ENVIRONMENTAL SOLUTIONS LTD,6182633,US/Canada,"1,800",998,"$206,555",Upper Mid-market,Existing,,MFG,FURNITURE-FIXT,"Panel systems and partitions, office: except wood",09/15/15,AC-00611747
DOLBY LABORATORIES  INC.,6197074,US/Canada,"2,500",938,"$315,789",Upper Mid-market,Existing,,MFG,ELECTRONIC EQPT,Audio electronic systems,12/18/19,AC-00637971
DORSEY & WHITNEY LLP,6196414,US/Canada,"1,400","1,140","$369,614",Upper Mid-market,Existing,,S&D,LEGAL SERVICES,"General practice attorney, lawyer",02/27/15,AC-00473402
"DRISCOLL'S, INC.",6196741,US/Canada,"6,260","1,074","$863,236",Enterprise,Existing,,TRANS-DIST,WHLSALE-NONDUR,"Fruits, fresh",12/22/17,AC-00551289
DUMAS CONTRACTING LTD,6183968,US/Canada,801,369,"$213,662",Mid-market,Existing,,MFG,METAL MINING,"Mine development, Metal",12/19/19,AC-00468046
"DYCOM INDUSTRIES, INC",6090131,US/Canada,"18,000","15,502","$2,051,983",Upper Enterprise,Existing,No,MFG,SPECIAL TRADE,Communications specialization,09/30/08,AC-00524300
EACOM TIMBER CORPORATION,6196478,US/Canada,942,594,"$168,208",Enterprise,Existing,Yes  Active,MFG,LUMBER-WOOD,"Lumber, hardwood dimension",04/03/15,AC-00489481
"Eat'n Park Hospitality Group, Inc.",6196429,US/Canada,"9,034","5,395","$836,010",Enterprise,Existing,,S&D,ENG-MGMT SVCS,Restaurant management,10/10/07,AC-00475819
ELIOT COMMUNITY HUMAN SERVICES  INC.,6186615,US/Canada,"1,944","3,869","$699,094",Upper Mid-market,Existing,No,GOVT-EDUC,SOCIAL SERVICES,Mentally handicapped home,07/03/09,AC-00497885
ELLISDON CORPORATION,6155188,US/Canada,618,"4,721","$380,979",Enterprise,Existing,No,MFG,GEN BLDG CONTRS,Commercial and office building contractors,06/28/06,AC-00655213
"Ellwood Group, Inc.",6196708,US/Canada,"3,600","1,933","$631,327",Enterprise,Existing,,MFG,INDUSTRIAL,Iron and steel forgings,06/17/14,AC-00544791
"Employbridge, LLC",6196271,US/Canada,"5,200","2,380","$699,297",Upper Enterprise,Existing,,S&D,BUSINESS SVCS,Employment agencies,06/30/18,AC-00436720
Encore Group (usa) LLC,6197197,US/Canada,"13,367","13,067","$2,510,085",Upper Enterprise,Existing,Yes  Active,S&D,PROFESSIONAL SERVICES,Software programming applications,10/06/09,AC-00941135
Entravision Communications Corporation,6183984,US/Canada,685,757,"$379,623",Mid-market,Existing,,S&D,COMMUNICATION,Television broadcasting stations,10/10/07,AC-00526541
"Equinox Holdings, Inc.",6192788,US/Canada,"26,400","19,048","$2,047,936",Upper Enterprise,Existing,,HOSPITALITY,AMUSEMENT-REC,Health club,04/01/13,AC-00591788
ERNEST HEALTH INC,6095154,US/Canada,"6,218","4,732","$1,197,218",Enterprise,Existing,No,HEALTHCARE,HOSPITALS,"Specialty hospitals, except psychiatric",08/19/06,AC-00421444
ESSENDANT MANAGEMENT SERVICES LLC,6197336,US/Canada,"2,747","2,949","$716,706",Upper Enterprise,Existing,,RETAIL,OTHER SPECIALTY,Office forms and supplies,05/06/10,AC-04283006
EXCELITAS TECHNOLOGIES CORP.,6141872,US/Canada,"3,000","1,412","$345,598",Upper Enterprise,Existing,,MFG,ELECTRONIC EQPT,Semiconductor diodes and rectifiers,11/22/13,AC-00435355
"F J MANAGEMENT, INC.",6115212,US/Canada,"17,500","19,749","$3,388,507",Upper Enterprise,Existing,Yes  Active,RETAIL,AUTO DEALR-SVC,Truck stops,10/03/13,AC-00498545
FERRERO U S A INC,6166032,US/Canada,"7,600","3,328","$2,035,793",Enterprise,Existing,,TRANS-DIST,WHLSALE-NONDUR,Candy,10/09/18,AC-00463259
Ferrovial Holding US Corp,6183219,US/Canada,"5,088","3,385","$717,575",Enterprise,Existing,No,MFG,HEAVY CONSTR,"General contractor, highway and street construction",07/01/15,AC-00580229
FIREBIRDS INTERNATIONAL  LLC,6197102,US/Canada,"5,744","4,418","$1,399,204",Enterprise,Existing,,HOSPITALITY,EATING-DRINKING,American restaurant,06/12/19,AC-00642368
FIRST HORIZON NATIONAL CORPORATION,6182940,US/Canada,"7,562","13,690","$1,633,159",Enterprise,Existing,No,S&D - FIN,DEPOSITORY,National commercial banks,10/10/07,AC-05747352
FIRST-CITIZENS BANK & TRUST COMPANY,6196955,US/Canada,"19,000","15,344","$3,706,020",Upper Enterprise,Existing,No,S&D - FIN,DEPOSITORY,State commercial banks,10/10/07,AC-00605737
Fisher Asset Management LLC,6196071,US/Canada,"6,088","6,203","$1,528,307",Enterprise,Existing,,S&D - FIN,SEC-COM BROKERS,Investment advisory service,06/03/20,AC-00360214
FORMICA CORP,6002749,US/Canada,867,928,"$467,177",Mid-market,Existing,,MFG,FURNITURE-FIXT,Counter and sink tops,07/02/09,AC-00472262
"FPI Management, Inc.",6078991,US/Canada,"4,439","4,444","$893,362",Enterprise,Existing,,S&D - FIN,INSUR-BROKERS,Real estate managers,07/02/20,AC-00581686
Frandsen Corporation,6187976,US/Canada,"1,225",920,"$268,361",Mid-market,Existing,,S&D,ENG-MGMT SVCS,Management consulting services,10/10/07,AC-00556296
Fujitsu North America Inc,6197455,US/Canada,"5,000","1,488","$349,088",Enterprise,Existing,,S&D,BUSINESS SVCS,Computer integrated systems design,05/09/08,AC-05517539
FULL HOUSE RESORTS  INC.,6188513,US/Canada,"1,962","1,942","$609,576",Upper Mid-market,Existing,,HOSPITALITY,LODGING,Casino hotel,12/31/15,AC-00476546
FYi Eye Care Services And Products Inc,6196487,US/Canada,"6,000","3,993","$699,692",Enterprise,Existing,No,HEALTHCARE,HEALTH SERVICES,"Group and corporate practice, optometrist",06/30/18,AC-00494044
"Genesee & Wyoming Railroad Services, Inc",6181871,US/Canada,"8,000","4,338","$1,157,114",Enterprise,Existing,Yes  Active,TRANS-DIST,RAILROAD TRANS,Interurban railways,12/28/15,AC-00435251
GEORGE M. LEADER FAMILY CORPORATION,6181258,US/Canada,"2,400","3,934","$599,446",Upper Mid-market,Existing,Yes  Active,HEALTHCARE,SOCIAL SERVICES,Aged home,03/27/20,AC-00518529
Giorgio Armani Corporation,6128061,US/Canada,"2,000","1,021","$388,613",Enterprise,Existing,No,TRANS-DIST,WHLSALE-NONDUR,Men's and boy's clothing,04/25/08,AC-00581921
GLACIER BANCORP  INC.,6196999,US/Canada,"7,000","4,320","$1,188,030",Enterprise,Existing,,S&D - FIN,DEPOSITORY,State commercial banks,10/10/07,AC-00614724
GLOBAL FEDERAL CREDIT UNION,6149329,US/Canada,"3,490","3,855","$961,278",Enterprise,Existing,No,S&D - FIN,DEPOSITORY,Federal credit unions,04/01/13,AC-00377268
Global Tungsten & Powders Corp.,6197011,US/Canada,458,374,"$176,013",Mid-market,Existing,,MFG,PRIMARY METAL,Tungsten carbide powder,12/24/08,AC-00618845
GoEasy Ltd,6196393,US/Canada,"2,668","5,091","$536,772",Enterprise,Existing,,S&D,BUSINESS SVCS,Furniture rental,12/17/19,AC-00469584
Good Shepherd Rehabilitation Network,6196664,US/Canada,"2,100","2,263","$749,984",Upper Mid-market,Existing,,HEALTHCARE,LONG TERM CARE,Skilled nursing care facilities,05/24/10,AC-00532826
GOODWILL INDUSTRIES OF SOUTHEASTERN WISCONSIN  INC.,6178956,US/Canada,"6,490","3,791","$773,596",Enterprise,Existing,,GOVT-EDUC,SOCIAL SERVICES,Vocational rehabilitation agency,10/10/07,AC-00574079
Goodwill of Southwestern Pennsylvania,6184480,US/Canada,"1,375","1,338","$498,014",Mid-market,Existing,,RETAIL,OTHER SPECIALTY,"Clothing, secondhand",12/10/14,AC-00398207
GRAY Media INC.,6127146,US/Canada,"9,968","9,944","$1,557,738",Enterprise,Existing,Yes  Active,S&D,COMMUNICATION,Television broadcasting stations,09/29/18,AC-00468035
GREATER LAWRENCE FAMILY HEALTH,6096250,US/Canada,751,696,"$340,622",Mid-market,Existing,,HEALTHCARE,HEALTH SERVICES,"Clinic, operated by physicians",08/19/06,AC-00587732
"Harbisonwalker International Holdings, Inc.",6195664,US/Canada,"1,393",714,"$295,308",Mid-market,Existing,,MFG,STONE-CLAY-GLAS,Nonclay refractories,11/24/15,AC-05715622
"HAWAIIAN AIRLINES, INC.",6114887,US/Canada,"7,500","5,987","$1,800,020",Upper Enterprise,Existing,,TRANS-DIST,AIR TRANS,"Air passenger carrier, scheduled",10/10/07,AC-00601903
"HEALTH DIMENSIONS CONSULTING, INC.",6178372,US/Canada,"2,500",217,"$41,311",Upper Enterprise,Existing,,HEALTHCARE,HEALTH SERVICES,Blood related health services,02/04/19,AC-00656605
"HEALTHPRO HERITAGE, LLC",6187116,US/Canada,"7,327","4,981","$770,926",Enterprise,Existing,,HEALTHCARE,HEALTH SERVICES,"Health and allied services, nec",05/06/19,AC-05751869
HEARTLAND DENTAL LLC,6182964,US/Canada,"24,454","25,042","$1,915,526",Upper Enterprise,Existing,No,S&D,BUSINESS SVCS,Medical help service,10/10/07,AC-00611090
HERSHA HOSPITALITY MANAGEMENT  LP,6191503,US/Canada,"9,920","7,248","$1,322,396",Enterprise,Existing,,HOSPITALITY,LODGING,Hotels,01/06/14,AC-00511802
HIGH LINER FOODS INCORPORATED,6188943,US/Canada,"2,158",883,"$337,480",Upper Mid-market,Existing,No,MFG,FOOD-KINDRED,"Fresh or frozen packaged fish, nec",08/14/09,AC-00430420
HOMESERVICES OF AMERICA  INC.,6182965,US/Canada,"5,680","5,530","$1,179,577",Upper Enterprise,Existing,,S&D - FIN,INSUR-BROKERS,"Real estate agent, residential",01/03/17,AC-00465257
"Houston Astros, LLC",6196934,US/Canada,"1,752","1,157","$427,106",Upper Mid-market,Existing,Yes  Active,HOSPITALITY,AMUSEMENT-REC,"Baseball club, professional and semi-professional",10/10/07,AC-00599342
HUHTAMAKI AMERICAS  INC.,6143850,US/Canada,"4,141","3,165","$1,517,205",Enterprise,Existing,,TRANS-DIST,WHLSALE-NONDUR,Packaging materials,02/06/12,AC-00532471
HUNTER DOUGLAS INC.,6108795,US/Canada,"4,500","2,523","$1,064,945",Enterprise,Existing,,MFG,FURNITURE-FIXT,Window blinds,06/14/12,AC-00461510
HUNTER INDUSTRIES,6095890,US/Canada,"1,187","2,289","$477,115",Enterprise,Existing,Yes  Active,MFG,ELEC-GAS-SANI,Irrigation systems,07/03/09,AC-00440970
Husch Blackwell LLP,6197010,US/Canada,"2,275","2,136","$855,240",Upper Mid-market,Existing,No,S&D,LEGAL SERVICES,General practice law office,12/03/14,AC-00618822
HYDRITE CHEMICAL CO.,6194354,US/Canada,"1,027","1,089","$421,945",Mid-market,Existing,,TRANS-DIST,WHLSALE-NONDUR,"Chemicals and allied products, nec",10/17/17,AC-00427081
"Hydro Extrusion USA, LLC",6191138,US/Canada,"10,850","4,589","$2,129,817",Enterprise,Existing,,MFG,PRIMARY METAL,Aluminum extruded products,11/12/18,AC-00618891
INDICOR LLC,6197517,US/Canada,"1,144","1,346","$677,653",Upper Enterprise,Existing,Yes  Active,MFG,INSTR RLTD PDTS,Process control instruments,10/01/22,AC-05949397
INOAC Exterior Systems,6198001,US/Canada,345,272,"$60,198",Emerging,Existing,,MFG,RUBBER-PLASTICS,"Automotive parts, plastic",05/19/23,AC-06005541
INTRUST FINANCIAL CORP,6046968,US/Canada,890,"3,320","$313,795",Mid-market,Existing,No,S&D - FIN,HLDG-INVESTMENT,Bank holding companies,03/07/02,AC-00452225
IRON SENERGY,6196026,US/Canada,708,472,"$445,219",Mid-market,Existing,,MFG,COAL MINING,Coal mining services,11/23/20,AC-05795276
J & J SNACK FOODS CORP.,6155406,US/Canada,"9,600","3,683","$1,289,869",Enterprise,Existing,Yes  Active,TRANS-DIST,WHLSALE-NONDUR,Snack foods,06/30/18,AC-00431902
JDK MANAGEMENT CO.  INC.,6180559,US/Canada,"2,968","1,545","$675,859",Enterprise,Existing,,HOSPITALITY,EATING-DRINKING,"Restaurant, family: chain",06/30/18,AC-00581725
JEWISH FEDERATION OF METROPOLITAN CHICAGO,6196780,US/Canada,"3,415","1,852","$549,372",Enterprise,Existing,,S&D,NON-PROFIT,Social service center,07/02/14,AC-00557198
JOHN BEAN TECHNOLOGIES CORPORATION,6184086,US/Canada,"6,680","3,831","$1,380,860",Upper Enterprise,Existing,No,MFG,INDL MACHINERY,Food products machinery,12/27/18,AC-03636484
Johnson & Wales University Inc,6108514,US/Canada,"2,416","1,888","$348,176",Upper Mid-market,Existing,,PUBLIC SECTOR - HE,HIGHER EDUC,"College, except junior",10/10/07,AC-00594990
JUSTICE RESOURCE INSTITUTE  INC.,6196360,US/Canada,"2,613","3,246","$728,428",Enterprise,Existing,,GOVT-EDUC,SOCIAL SERVICES,Mentally handicapped home,08/28/15,AC-00460492
"K. Hovnanian Companies, LLC.",6197094,US/Canada,"1,878","1,953","$542,523",Enterprise,Existing,,MFG,GEN BLDG CONTRS,Operative builders,10/10/07,AC-00640565
KAWASAKI MOTORS CORP.  U.S.A.,6196842,US/Canada,"2,847","2,634","$477,410",Enterprise,Existing,No,RETAIL,AUTO DEALR-SVC,Motorcycle dealers,06/04/14,AC-00574105
KEHE DISTRIBUTORS LLC,6182721,US/Canada,"7,400","3,009","$603,756",Enterprise,Existing,,TRANS-DIST,WHLSALE-NONDUR,Specialty food items,03/28/08,AC-00580347
KEOLIS AMERICA INC.,6181038,US/Canada,"9,512","7,794","$2,267,646",Enterprise,Existing,Yes  Active,TRANS-DIST,LOCAL PASSENGER,"Local passenger transportation, nec",10/02/17,AC-05751376
KILPATRICK TOWNSEND & STOCKTON LLP,6196485,US/Canada,"1,257","1,057","$453,377",Mid-market,Existing,,S&D,LEGAL SERVICES,"General practice attorney, lawyer",04/01/08,AC-00491929
KIMBERLY-CLARK CORPORATION,6197136,US/Canada,"22,000","9,129","$2,639,187",Upper Enterprise,Existing,,MFG,PAPER-ALLIED,Sanitary paper products,03/28/19,AC-00653074
Kirby Corporation,6196166,US/Canada,"5,300","3,800","$816,191",Enterprise,Existing,,TRANS-DIST,WATER TRANS,Intracoastal (freight) transportation,03/29/17,AC-00409308
LANDCARE USA L.L.C.,6180422,US/Canada,"2,694",936,"$701,601",Enterprise,Existing,,MFG,AGRI SERVICES,Landscape contractors,04/01/16,AC-00456417
LANDS' END  INC.,6196642,US/Canada,"4,000","4,591","$827,892",Enterprise,Existing,Yes  Active,RETAIL,OTHER SPECIALTY,Catalog and mail-order houses,06/30/18,AC-00527271
Lanxess Corporation,6196510,US/Canada,"2,222","1,481","$535,095",Enterprise,Existing,,MFG,CHEMICAL-ALLIED,Plastics materials and resins,10/10/07,AC-00499752
Larry H. Miller Management Corporation,6197050,US/Canada,"3,000","2,662","$526,109",Upper Enterprise,Existing,,RETAIL,AUTO DEALR-SVC,"Automobiles, new and used",03/31/20,AC-00632103
LASKO PRODUCTS LLC,6141106,US/Canada,"1,800",522,"$397,114",Upper Mid-market,Existing,,MFG,INDL MACHINERY,Refrigeration and heating equipment,08/15/17,AC-00631669
LAUREATE EDUCATION  INC.,6197257,US/Canada,"6,614",17,"$107,371",Upper Enterprise,Existing,,PUBLIC SECTOR - K12,K-12,Educational services,10/10/07,AC-03429373
LOGAN ALUMINUM INC.,6181764,US/Canada,"1,551","2,153","$348,055",Enterprise,Existing,No,MFG,PRIMARY METAL,Aluminum extruded products,07/02/10,AC-00544058
Logistec Marine Services ULC,6145646,US/Canada,"2,366",783,"$318,086",Enterprise,Existing,,S&D,RAIL / AIR / MARITIME,Stevedoring,05/15/12,AC-00449448
MASSANUTTEN RESORT,6196552,US/Canada,"1,700","2,107","$558,346",Upper Mid-market,Existing,,HOSPITALITY,LODGING,Resort hotel,08/30/19,AC-00510289
MATTAMY HOMES LIMITED,6182722,US/Canada,"3,800","2,223","$489,336",Enterprise,Existing,,S&D - FIN,INSUR-BROKERS,"Land subdividers and developers, residential",09/18/13,AC-00485178
MCWANE  INC.,6181223,US/Canada,"4,837","3,988","$984,514",Enterprise,Existing,,MFG,FABRCTD METALS,Fire hydrant valves,06/21/17,AC-00637081
Mediacom Broadband LLC,6196856,US/Canada,"4,100","3,872","$848,847",Enterprise,Existing,,S&D,COMMUNICATION,Subscription television services,01/02/14,AC-00578685
Members 1st Federal Credit Union,6181358,US/Canada,"1,300","1,462","$464,888",Mid-market,Existing,Yes  Active,S&D - FIN,DEPOSITORY,Federal credit unions,09/06/10,AC-00525080
MEMORIAL HEALTH,6189253,US/Canada,"1,139","1,698","$305,959",Mid-market,Existing,,HEALTHCARE,HOSPITALS,"Hospital, affiliated with AMA residency",04/03/09,AC-00644634
MESSER NORTH AMERICA INC,6163462,US/Canada,"6,000","3,137","$1,889,980",Upper Enterprise,Existing,,MFG,CHEMICAL-ALLIED,Industrial gases,06/25/19,AC-00431095
MICRO ELECTRONICS,6179441,US/Canada,"2,992","7,659","$651,789",Enterprise,Existing,Yes  Active,RETAIL,FURNISHINGS,Computer and software stores,10/10/07,AC-00407541
MILLER'S ALE HOUSE  INC.,6185975,US/Canada,"7,931","3,053","$1,243,167",Enterprise,Existing,,HOSPITALITY,EATING-DRINKING,"Restaurant, family: chain",12/30/14,AC-05002489
MINNESOTA SPORTS & ENTERTAINMENT,6092410,US/Canada,"1,347",742,"$443,351",Mid-market,Existing,,HOSPITALITY,GAMING,Hockey instruction school,06/05/09,AC-05747193
MISTRAS GROUP INC.,6119036,US/Canada,"5,000","3,558","$861,280",Enterprise,Existing,No,S&D,ENG-MGMT SVCS,Engineering services,07/14/15,AC-00635149
"MNGI DIGESTIVE HEALTH, P.A.",6188761,US/Canada,"1,135","4,102","$463,469",Mid-market,Existing,Yes  Active,HEALTHCARE,HEALTH SERVICES,Hematologist,10/10/07,AC-00510836
Modern/Niagara Group Inc,6196602,US/Canada,"3,673","2,017","$437,915",Enterprise,Existing,,MFG,SPECIAL TRADE,Mechanical contractor,06/19/19,AC-00519775
MOM365  INC.,6196802,US/Canada,639,570,"$199,640",Mid-market,Existing,,S&D,PERSONAL SVCS,"Photographer, still or video",08/14/14,AC-00562579
"Morton Salt, Inc.",6072974,US/Canada,"5,000","1,617","$792,358",Enterprise,Existing,No,MFG,CHEMICAL-ALLIED,Adhesives and sealants,09/18/01,AC-00601985
Moss Adams Advisory Group LP,6196547,US/Canada,"5,214","4,722","$914,132",Upper Enterprise,Existing,,S&D,PROFESSIONAL SERVICES,Certified public accountant,11/03/14,AC-00508399
National Health Corporation,6157078,US/Canada,"16,892","15,238","$2,728,516",Upper Enterprise,Existing,Yes  Active,HEALTHCARE,LONG TERM CARE,Convalescent home with continuous nursing care,02/03/20,AC-00652306
National Rifle Association of America,6197293,US/Canada,450,374,"$200,170",Emerging,Existing,,S&D,MEMBERSHIP ORGS,Amateur sports promotion,09/01/16,AC-03728426
Nikon Precision Inc.,6141819,US/Canada,500,449,"$263,124",Upper Mid-market,Existing,No,TRANS-DIST,WHLSALE-DURABLE,"Electronic parts and equipment, nec",10/10/07,AC-00452004
NINTENDO OF AMERICA INC,6117372,US/Canada,"3,200","2,445","$947,280",Enterprise,Existing,No,TRANS-DIST,WHLSALE-DURABLE,Video games,02/06/14,AC-00513818
NIPPON DYNAWAVE PACKAGING COMPANY  LLC,6195587,US/Canada,527,498,"$378,302",Mid-market,Existing,,MFG,PAPER-ALLIED,Paperboard backs for blister or skin packages,06/23/16,AC-05687445
NORTH AMERICAN FAMILY INSTITUTE  INC.,6197806,US/Canada,"1,477","1,548","$389,866",Upper Mid-market,Existing,,GOVT-EDUC,SOCIAL SERVICES,Child related social services,02/08/17,AC-00504013
NORTHWESTEL INC,6181761,US/Canada,805,531,"$182,853",Upper Enterprise,Existing,,S&D,COMMUNICATION,Data communication services,10/01/12,AC-04615182
NOT YOUR AVERAGE JOE'S  INC.,6196676,US/Canada,813,360,"$186,163",Mid-market,Existing,,HOSPITALITY,EATING-DRINKING,American restaurant,12/27/16,AC-00536769
"NUEHEALTH ENTERPRISES, LLC",6197468,US/Canada,"1,162","1,139","$323,191",Upper Mid-market,Existing,,HEALTHCARE,HOSPITALS,General medical and surgical hospitals,10/21/19,AC-05614535
NVIDIA CORPORATION,6072401,US/Canada,"56,000","13,878","$2,033,632",Upper Enterprise,Existing,,S&D,BUSINESS SVCS,Computer software development and applications,12/05/07,AC-00544714
Oncor Electric Delivery Holdings Company LLC,6196218,US/Canada,"4,962","8,388","$1,696,460",Upper Enterprise,Existing,No,MFG,ELEC-GAS-SANI,"Distribution, electric power",05/14/19,AC-00423367
ONEHARRIS  INC.,6178955,US/Canada,"2,959","1,607","$853,096",Enterprise,Existing,Yes  Active,S&D - FIN,HLDG-INVESTMENT,"Investment holding companies, except banks",03/19/19,AC-05715993
ONTARIO EDUCATIONAL COMMUNICATIONS AUTHORITY  THE,6197150,US/Canada,830,540,"$177,439",Upper Enterprise,Existing,,MFG,PRINT-PUBLISH,Internet publishing and broadcasting,01/22/19,AC-00685100
OSI RESTAURANT PARTNERS  LLC,6179529,US/Canada,"65,000","25,761","$2,963,029",Upper Enterprise,Existing,No,HOSPITALITY,EATING-DRINKING,Steak restaurant,07/06/11,AC-00463089
"OTTERBEIN HOMES, INC.",6182811,US/Canada,"3,200","2,740","$559,666",Enterprise,Existing,No,HEALTHCARE,SOCIAL SERVICES,Aged home,12/24/10,AC-05751459
OUTREACH HEALTH CARE  INC,6196359,US/Canada,"4,500",882,"$465,377",Enterprise,Existing,,HEALTHCARE,LONG TERM CARE,Domiciliary care,03/20/17,AC-00460028
P C Northwest Permanente,6196751,US/Canada,"2,000","1,541","$656,797",Upper Enterprise,Existing,No,HEALTHCARE,SPECIALTY,Home health care services,03/11/14,AC-00552712
PACIFIC SEAFOOD,6013714,US/Canada,"4,500","7,747","$796,747",Enterprise,Existing,No,MFG,FOOD-KINDRED,"Seafoods, fresh: prepared",09/15/00,AC-00624088
PACIFIC SUNWEAR STORES LLC,6196520,US/Canada,"10,000","8,621","$1,560,572",Upper Enterprise,Existing,,RETAIL,APPAREL-ACCY,"Clothing, sportswear, men's and boys'",06/30/17,AC-00503113
PARK NATIONAL BANK,6013374,US/Canada,"1,904","1,911","$617,529",Enterprise,Existing,No,S&D,BANKING AND INSURANCE,National commercial banks,04/12/04,AC-00415280
Parr Lumber Company,6180254,US/Canada,"1,540","2,443","$366,958",Upper Mid-market,Existing,,RETAIL,BUILDING-GARDEN,Planing mill products and lumber,01/01/08,AC-03392796
PASON SYSTEMS INC,6197177,US/Canada,600,678,"$148,951",Mid-market,Existing,,MFG,OIL-GAS EXTRACT,"Oil field services, nec",10/28/14,AC-00908972
PCH HOTELS & RESORTS INC/RSA BATTLE HOUSE TOWER,6081635,US/Canada,"2,367","2,712","$780,186",Upper Mid-market,Existing,No,HOSPITALITY,LODGING,Hotels and motels,06/13/13,AC-00401853
People Inc.,6186004,US/Canada,"5,450","4,165","$1,264,064",Enterprise,Existing,Yes  Active,GOVT-EDUC,SOCIAL SERVICES,Mentally handicapped home,10/10/07,AC-00415987
PHARMASCIENCE INC,6067148,US/Canada,"1,766","1,925","$398,364",Upper Mid-market,Existing,Yes  Active,MFG,CHEMICAL-ALLIED,Druggists' preparations (pharmaceuticals),11/26/02,AC-00514273
PHI d/b/a Presbyterian Senior Living,6180711,US/Canada,"5,180","2,343","$640,125",Enterprise,Existing,Yes  Active,HEALTHCARE,SOCIAL SERVICES,Aged home,12/22/07,AC-00646336
PLUM HEALTHCARE GROUP LLC,6102472,US/Canada,"9,834",,$0,Upper Enterprise,Existing,No,HEALTHCARE,LONG TERM CARE,Skilled nursing care facilities,11/24/04,AC-00646422
"PORTS AMERICA SHARED SERVICES, INC.",6195958,US/Canada,"3,118","1,728","$358,038",Enterprise,Existing,No,TRANS-DIST,WATER TRANS,Stevedoring,07/02/18,AC-05751933
POST ACUTE MEDICAL  LLC,6178230,US/Canada,"10,257","11,498","$1,169,806",Enterprise,Existing,No,HEALTHCARE,LONG TERM CARE,Extended care facility,03/17/17,AC-00385207
PotlatchDeltic Forest Holdings Inc.,6090182,US/Canada,"1,403","1,102","$684,344",Mid-market,Existing,,MFG,FORESTRY,Forest products,12/31/09,AC-00593860
PRIDE INDUSTRIES,6177453,US/Canada,"3,900","2,248","$1,417,634",Enterprise,Existing,,TRANS-DIST,TRUCKING-WHSG,"Special warehousing and storage, nec",04/03/15,AC-00537776
"Primeflight Aviation Services, Inc.",6151134,US/Canada,"36,000","14,708","$3,331,453",Upper Enterprise,Existing,No,TRANS-DIST,AIR TRANS,"Airports, flying fields, and services",06/16/15,AC-00998078
"PRITCHARD INDUSTRIES, LLC",6191736,US/Canada,"12,000","5,969","$1,333,513",Enterprise,Existing,No,S&D,BUSINESS SVCS,"Janitorial service, contract basis",12/08/15,AC-00503978
PROFESSIONAL CONTRACT SERVICES  INC.,6190251,US/Canada,"2,009","1,996","$884,746",Upper Mid-market,Existing,,S&D,BUSINESS SVCS,"Building maintenance services, nec",06/30/18,AC-00445343
"ProHealth Group, Inc",6163095,US/Canada,410,717,"$178,167",Emerging,Existing,,HEALTHCARE,POST ACUTE,Offices of health practitioner,05/20/19,AC-00521708
PROSPERA CREDIT UNION,6196880,US/Canada,678,722,"$154,955",Mid-market,Existing,,S&D,BANKING AND INSURANCE,State credit unions,09/23/11,AC-00585267
"PSP Group, LLC",6148332,US/Canada,"4,986","4,278","$1,049,509",Upper Enterprise,Existing,,RETAIL,BIG BOX,Pets and pet supplies,06/24/19,AC-00803745
"Puyallup Tribal Gaming Enterprises, Inc. dba Emerald Queen Casino",6095621,US/Canada,"2,418","1,714","$1,036,023",Upper Mid-market,Existing,,HOSPITALITY,LODGING,Casino hotel,08/19/06,AC-00582921
RCN TELECOM SERVICES  LLC,6187033,US/Canada,"3,179","3,034","$1,044,402",Enterprise,Existing,No,S&D,COMMUNICATION,Subscription television services,09/12/12,AC-05721627
READY PAC PRODUCE  INC.,6196350,US/Canada,"2,500","1,420","$1,092,632",Enterprise,Existing,Yes  Active,MFG,FOOD-KINDRED,"Salads, fresh or refrigerated",01/06/20,AC-00455267
"Red Wing Shoe Company, Inc.",6016408,US/Canada,"2,350","1,774","$516,166",Enterprise,Existing,,MFG,LEATHER PRODUCT,"Men's footwear, except athletic",05/22/08,AC-00494924
"REDSAIL TECHNOLOGIES, LLC / Smith Tech Acquisition",6196028,US/Canada,830,892,"$370,491",Mid-market,Existing,No,S&D,BUSINESS SVCS,Computer software development,03/18/20,AC-05796907
RELIANT MANAGEMENT GROUP  LLC,6196150,US/Canada,"6,062","5,075","$981,021",Enterprise,Existing,,HEALTHCARE,SPECIALTY,"Rehabilitation center, outpatient treatment",03/31/18,AC-00403896
REVLON CONSUMER PRODUCTS LLC,6044740,US/Canada,"5,500","3,163","$1,166,331",Enterprise,Existing,Yes  Active,MFG,FABRCTD METALS,Cosmetic preparations,12/01/09,AC-00637459
RIVERSIDE COMMUNITY CARE  INC.,6197258,US/Canada,"1,510","1,634","$332,980",Upper Mid-market,Existing,No,HEALTHCARE,SPECIALTY,"Mental health clinic, outpatient",01/11/17,AC-03431172
"ROLLINS, INC.",6080086,US/Canada,"20,957","23,043","$4,484,811",Upper Enterprise,Existing,Yes  Active,S&D,BUSINESS SVCS,Exterminating and fumigating,09/30/06,AC-00542629
"ROPER TECHNOLOGIES, INC.",6197842,US/Canada,"20,000","9,035","$2,498,364",Upper Enterprise,Existing,,S&D,BUSINESS SVCS,Prepackaged software,07/01/16,AC-00635962
Roppe Holding Company,6196632,US/Canada,729,594,"$296,728",Mid-market,Existing,,MFG,LUMBER-WOOD,Hardwood dimension and flooring mills,10/10/07,AC-00525670
Royal Realty Corp.,6196848,US/Canada,"1,376","1,700","$567,366",Mid-market,Existing,,S&D - FIN,INSUR-BROKERS,Real estate managers,12/28/15,AC-00575385
RSUI GROUP  INC.,6194621,US/Canada,415,647,"$295,848",Upper Enterprise,Existing,,S&D - FIN,INSUR CARRIERS,"Fire, marine, and casualty insurance",10/10/07,AC-00418223
RUIZ FOOD PRODUCTS  INC.,6196903,US/Canada,"3,500","2,070","$1,124,618",Enterprise,Existing,Yes  Active,MFG,CONSUMER PACKAGED GOODS,"Ethnic foods, nec, frozen",12/04/19,AC-00590565
S & E SERVICES LIMITED PARTNERSHIP,6197383,US/Canada,"1,515",835,"$247,019",Upper Mid-market,Existing,,RETAIL,APPAREL-ACCY,Family clothing stores,04/14/15,AC-04685276
SA RECYCLING LLC,6195353,US/Canada,"3,610","2,839","$1,241,655",Enterprise,Existing,,MFG,ELEC-GAS-SANI,"Recycling, waste materials",10/10/07,AC-00634242
SAGE HOSPITALITY RESOURCES LLC,6178556,US/Canada,"6,090","5,587","$1,474,295",Enterprise,Existing,,HOSPITALITY,LODGING,"Hotel, franchised",07/01/19,AC-00542202
SAN DIEGO CONVENTION CENTER CORPORATION  INC.,6184553,US/Canada,444,439,"$103,242",Emerging,Existing,,S&D,BUSINESS SVCS,Convention and show services,11/06/07,AC-00370851
"SBM Management Services, LP",6094981,US/Canada,"12,793","5,496","$2,030,670",Enterprise,Existing,,S&D,BUSINESS SVCS,"Janitorial service, contract basis",02/06/14,AC-00474216
SCHLEGEL VILLAGES INC,6180232,US/Canada,"6,501","11,481","$1,459,015",Enterprise,Existing,Yes  Active,S&D - FIN,INSUR-BROKERS,Retirement hotel operation,03/07/18,AC-05751284
SECURE Waste Infrastructure Corp,6178795,US/Canada,"3,800","1,810","$383,536",Enterprise,Existing,Yes  Active,MFG,ELEC-GAS-SANI,Hazardous waste collection and disposal,05/06/14,AC-05751288
SHAMROCK FOODS COMPANY,6114768,US/Canada,"6,138","10,898","$2,285,469",Enterprise,Existing,Yes  Active,TRANS-DIST,WHLSALE-NONDUR,"Groceries and related products, nec",01/03/20,AC-00362617
"SHAPE TECHNOLOGIES GROUP, INC.",6184863,US/Canada,"1,500",909,"$434,784",Enterprise,Existing,,S&D,BUSINESS SVCS,Computer related consulting services,10/20/10,AC-05686365
SIENNA SENIOR LIVING INC,6195680,US/Canada,"13,423","12,171","$982,176",Enterprise,Existing,,HEALTHCARE,SOCIAL SERVICES,Aged home,03/05/15,AC-05729691
SMS EQUIPMENT INC,6196352,US/Canada,"2,830","2,244","$504,952",Enterprise,Existing,No,TRANS-DIST,WHLSALE-DURABLE,"Mining machinery and equipment, except petroleum",02/07/13,AC-00456883
Sony Music Entertainment,6197836,US/Canada,"2,336","1,778","$825,564",Upper Enterprise,Existing,,MFG,ELECTRONIC EQPT,Prerecorded records and tapes,10/10/07,AC-00527324
SONY PICTURES ENTERTAINMENT  INC.,6152204,US/Canada,"13,200","3,755","$1,992,871",Upper Enterprise,Existing,No,HOSPITALITY,MOTION PICTURES,Motion picture production and distribution,04/10/17,AC-00527323
SORENSON COMMUNICATIONS LLC,6187944,US/Canada,"10,000","5,516","$1,394,989",Enterprise,Existing,,S&D,COMMUNICATION,Data communication services,01/02/20,AC-00455045
"Sound Inpatient Physicians, Inc.",6165631,US/Canada,"4,239","4,204","$1,798,543",Enterprise,Existing,,HEALTHCARE,HEALTH SERVICES,"General and family practice, physician/surgeon",06/10/16,AC-00917108
SOUTHCENTRAL FOUNDATION,6006930,US/Canada,"3,100","3,164","$1,531,829",Enterprise,Existing,No,HEALTHCARE,SPECIALTY,Substance abuse clinics (outpatient),08/06/02,AC-00600349
SOUTHERN MINNESOTA BEET SUGAR COOPERATIVE,6144070,US/Canada,776,"1,091","$386,133",Mid-market,Existing,No,MFG,FOOD-KINDRED,"Granulated sugar, from sugar beets",12/18/17,AC-00538495
SPORTSMAN'S WAREHOUSE  INC.,6173324,US/Canada,"5,328","3,429","$696,172",Enterprise,Existing,,RETAIL,OTHER SPECIALTY,Hunting equipment,01/03/17,AC-00421010
"SQUARE, INC.",6192310,US/Canada,"9,878","6,308","$1,089,139",Enterprise,Existing,No,S&D,BUSINESS SVCS,Prepackaged software,07/03/19,AC-00930393
STAR TRIBUNE MEDIA COMPANY LLC,6182929,US/Canada,700,609,"$194,149",Enterprise,Existing,,MFG,PRINT-PUBLISH,"Newspapers, publishing and printing",12/09/13,AC-00442622
STEINBACH CREDIT UNION LIMITED,6187525,US/Canada,612,615,"$109,590",Mid-market,Existing,No,S&D - FIN,DEPOSITORY,Federal credit unions,09/04/12,AC-00445614
"SUB-ZERO GROUP, INC.",6121086,US/Canada,"4,000","3,520","$1,284,348",Enterprise,Existing,No,MFG,ELECTRONIC EQPT,"Refrigerators, mechanical and absorption: household",08/19/08,AC-00421040
Success Foods Management Group LLC,6196839,US/Canada,"6,059","4,279","$1,187,090",Enterprise,Existing,,S&D,ENG-MGMT SVCS,Business management,12/26/18,AC-00571707
SUNSTAR AMERICAS  INC.,6192785,US/Canada,562,523,"$236,420",Mid-market,Existing,,MFG,INSTR RLTD PDTS,Dental equipment and supplies,10/10/07,AC-00583014
"Surgery Center Holdings, Inc.",6197211,US/Canada,"12,500","10,444","$1,849,735",Upper Enterprise,Existing,Yes  Active,HEALTHCARE,HOSPITALS,General medical and surgical hospitals,06/30/18,AC-02535183
SWEETGREEN  INC.,6181380,US/Canada,"6,848","4,872","$1,453,774",Enterprise,Existing,No,HOSPITALITY,EATING-DRINKING,Eating places,08/26/19,AC-00497422
T & T SUPERMARKET INC,6190971,US/Canada,"6,957","7,369","$1,256,817",Upper Enterprise,Existing,,RETAIL,FOOD STORES,"Grocery stores, nec",12/22/16,AC-00554866
TAHOE FOREST HOSPITAL DISTRICT,6179809,US/Canada,"1,348","2,530","$707,607",Mid-market,Existing,Yes  Active,HEALTHCARE,HOSPITALS,General medical and surgical hospitals,09/28/15,AC-00420994
TEKNION LIMITED,6186594,US/Canada,"2,400",812,"$302,670",Enterprise,Existing,,MFG,FURNITURE-FIXT,"Office furniture, except wood",11/03/15,AC-04592534
"Tennessee Health Management, Inc.",6194917,US/Canada,"3,843","3,719","$301,167",Enterprise,Existing,,S&D - FIN,INSUR-BROKERS,Commercial and industrial building operation,10/06/17,AC-00515885
Test Community Account,6142231,US/Canada,1,,$0,Enterprise,Existing,,S&D,BUSINESS SVCS,Business oriented computer software,09/20/18,AC-00888783
TETRA TECHNOLOGIES INC.,6182766,US/Canada,"1,121","1,123","$450,030",Mid-market,Existing,,MFG,OIL-GAS EXTRACT,Crude petroleum and natural gas,10/10/07,AC-00441083
"THE BUCKLE, INC.",6196317,US/Canada,"10,372","18,087","$1,469,262",Enterprise,Existing,,RETAIL,APPAREL-ACCY,Family clothing stores,05/24/19,AC-00447043
THE CADILLAC FAIRVIEW CORPORATION LIMITED,6195066,US/Canada,"1,580","1,482","$357,376",Enterprise,Existing,,S&D - FIN,INSUR-BROKERS,"Shopping center, property operation only",05/06/13,AC-00607996
THE CHIMES INC,6196522,US/Canada,"3,253","4,784","$1,469,750",Enterprise,Existing,No,GOVT-EDUC,SOCIAL SERVICES,Vocational training agency,10/10/07,AC-00503311
THE DONOHOE COMPANIES INC,6182955,US/Canada,"1,551",987,"$754,910",Upper Mid-market,Existing,,S&D - FIN,INSUR-BROKERS,Real estate agents and managers,04/03/18,AC-00581738
The George Washington University Medical Faculty Associates,6197415,US/Canada,"1,516","1,510","$625,173",Upper Enterprise,Existing,,HEALTHCARE,HEALTH SERVICES,"Physical medicine, physician/surgeon",07/07/11,AC-04982266
The Gorman-Rupp Company,6197451,US/Canada,"1,311","1,116","$395,350",Mid-market,Existing,,MFG,INDL MACHINERY,"Pumps and pumping equipment, nec",08/29/08,AC-05473474
The Governing Council of the Salvation Army in Canada,6197024,US/Canada,"13,000","6,967","$155,442",Enterprise,Existing,,GOVT-EDUC,SOCIAL SERVICES,"Fund raising organization, non-fee basis",01/01/16,AC-00623915
The Kendal Corporation,6071669,US/Canada,"2,600","1,731","$682,000",Enterprise,Existing,No,S&D - FIN,INSUR-BROKERS,Retirement hotel operation,02/18/04,AC-00636524
The Long & Foster Companies Inc,6196807,US/Canada,"2,574",11,"$11,474",Upper Enterprise,Existing,,S&D - FIN,INSUR-BROKERS,Real estate brokers and agents,10/10/07,AC-00564286
THE MLB NETWORK LLC,6186986,US/Canada,"1,183","1,445","$424,962",Mid-market,Existing,,S&D,COMMUNICATION,Television broadcasting stations,09/12/08,AC-05101501
THE NEW YORK FOUNDLING HOSPITAL,6174874,US/Canada,"2,800","2,589","$921,472",Enterprise,Existing,,GOVT-EDUC,SOCIAL SERVICES,Group foster home,06/23/15,AC-00406511
THE PROCACCIANTI GROUP LLC,6196529,US/Canada,"6,967","2,745","$793,305",Upper Enterprise,Existing,,S&D,ENG-MGMT SVCS,Hotel or motel management,06/01/09,AC-00504528
THE SALVATION ARMY,6197291,US/Canada,"10,913","5,241","$1,922,170",Upper Enterprise,Existing,Yes  Active,S&D,MEMBERSHIP ORGS,Nonchurch religious organizations,09/20/08,AC-03712228
"THE SALVATION ARMY, A NEW YORK CORPORATION",6182096,US/Canada,"10,000","2,507","$565,895",Upper Enterprise,Existing,,S&D,MEMBERSHIP ORGS,Nonchurch religious organizations,06/30/17,AC-00447051
THE UNIVERSITY OF PHOENIX INC,6186293,US/Canada,"5,923","4,469","$1,444,936",Enterprise,Existing,No,PUBLIC SECTOR - HE,HIGHER EDUC,University,04/17/13,AC-00475239
THE YOUNG MEN'S CHRISTIAN ASSOCIATION OF GREATER SEATTLE,6197834,US/Canada,"2,074","2,603","$755,139",Upper Mid-market,Existing,,S&D,MEMBERSHIP ORGS,Youth organizations,08/20/15,AC-00474591
THERMA-TRU CORP.,6180556,US/Canada,"3,313","2,424","$617,959",Enterprise,Existing,,RETAIL,BUILDING-GARDEN,Door and window products,10/10/07,AC-00465854
"Thryv, Inc.",6181608,US/Canada,"1,947","2,246","$605,861",Enterprise,Existing,,S&D,BUSINESS SVCS,Transit advertising services,03/02/12,AC-03202370
TILLAMOOK COUNTY CREAMERY ASSOCIATION,6182966,US/Canada,"1,158","1,064","$403,670",Mid-market,Existing,,MFG,FOOD-KINDRED,Natural cheese,10/10/07,AC-00543415
"TKC HOLDINGS, INC",6113183,US/Canada,"6,079","5,778","$954,796",Enterprise,Existing,No,S&D,BUSINESS SVCS,Packaging and labeling services,09/24/13,AC-00795462
Toromont Industries Ltd,6149034,US/Canada,"11,400","6,968","$650,427",Enterprise,Existing,,TRANS-DIST,WHLSALE-DURABLE,General construction machinery and equipment,03/20/19,AC-00555317
"Total Safety U.S., Inc.",6195062,US/Canada,"2,214","2,225","$747,558",Upper Mid-market,Existing,No,TRANS-DIST,WHLSALE-DURABLE,Safety equipment,07/02/12,AC-00512382
"Triage, LLC",6180562,US/Canada,"3,926","2,985","$1,048,005",Enterprise,Existing,,S&D,BUSINESS SVCS,Nurses' registry,08/20/19,AC-00626709
TRUE MANUFACTURING,6085288,US/Canada,"3,347","4,782","$1,048,355",Enterprise,Existing,No,MFG,INDL MACHINERY,"Refrigeration equipment, complete",06/08/06,AC-00654391
"True North Energy, LLC",6194533,US/Canada,"1,907","1,718","$336,577",Upper Mid-market,Existing,,RETAIL,AUTO DEALR-SVC,"Filling stations, gasoline",10/10/07,AC-00615121
Ultimate Software - EnterpriseTest,6197555,US/Canada,"10,878","3,619",$0,Upper Enterprise,Existing,,S&D,ENG-MGMT SVCS,"Product testing laboratory, safety or performance",11/27/13,AC-05960730
UNIVERSAL TECHNICAL INSTITUTE INC.,6182251,US/Canada,"3,714","8,782","$1,090,909",Enterprise,Existing,No,PUBLIC SECTOR - HE,HIGHER EDUC,Trade school,10/10/07,AC-00433185
UNIVERSITY OF REDLANDS,6181047,US/Canada,"2,300","1,542","$480,341",Upper Mid-market,Existing,,PUBLIC SECTOR - HE,HIGHER EDUC,University,01/09/19,AC-00617431
"UPSTATE CEREBRAL PALSY, INC. dba UPSTATE CARING PARTNERS",6189985,US/Canada,"1,680","1,759","$588,266",Upper Mid-market,Existing,,GOVT-EDUC,SOCIAL SERVICES,Social service center,10/10/07,AC-00647167
"USHG, LLC",6185986,US/Canada,"1,622","1,793","$444,338",Enterprise,Existing,No,S&D,ENG-MGMT SVCS,Restaurant management,10/10/07,AC-05719852
Vancouver Aquarium Ltd.,6197841,US/Canada,301,255,"$62,881",Emerging,Existing,,RETAIL,GENERAL MERCH,Aquarium supplies,01/11/12,AC-00582370
VCU HEALTH SYSTEM AUTHORITY,6011201,US/Canada,"14,363",46,$0,Enterprise,Existing,No,HEALTHCARE,HEALTH SERVICES,Offices and clinics of medical doctors,12/31/04,AC-00455686
"VECTRUS SYSTEMS, LLC",6196077,US/Canada,"10,012","9,039","$1,677,092",Upper Enterprise,Existing,No,S&D,ENG-MGMT SVCS,Computer facilities management,11/02/18,AC-00362900
VERTEX AEROSPACE LLC,6192469,US/Canada,"7,357","8,187","$3,435,088",Upper Enterprise,Existing,,TRANS-DIST,AIR TRANS,Aircraft maintenance and repair services,08/17/18,AC-00422493
Vibra Healthcare,6162993,US/Canada,"6,501","5,311","$710,875",Enterprise,Existing,No,HEALTHCARE,LONG TERM CARE,Convalescent home with continuous nursing care,12/28/16,AC-00900565
Visteon Corporation,6178867,US/Canada,450,"1,060","$783,430",Enterprise,Existing,,MFG,AUTOMOTIVE,Motor vehicle engines and parts,07/02/09,AC-00654949
WAJAX LIMITED,6196459,US/Canada,"3,517","3,312","$616,553",Enterprise,Existing,Yes  Active,S&D,BANKING AND INSURANCE,"Holding companies, nec",02/21/13,AC-00483863
WATTS WATER TECHNOLOGIES  INC.,6149195,US/Canada,"5,200","2,145","$483,117",Enterprise,Existing,,MFG,FABRCTD METALS,Plumbing and heating equipment and supplies (hydronics),12/22/17,AC-00612619
WENTE FAMILY ESTATES,6045506,US/Canada,250,211,"$103,626",Emerging,Existing,,S&D,ENG-MGMT SVCS,Restaurant and food services consultants,04/15/10,AC-00605300
WEST FRASER MILLS LTD,6188363,US/Canada,"13,002","7,559","$1,258,908",Enterprise,Existing,No,MFG,LUMBER-WOOD,"Sawmills and planing mills, general, nec",12/30/14,AC-04612085
WESTERN DENTAL SERVICES INC,6043313,US/Canada,"6,950","9,065","$1,814,533",Enterprise,Existing,No,HEALTHCARE,HEALTH SERVICES,Dental clinic,11/18/04,AC-00407180
"Westward Seafoods, Inc.",6196952,US/Canada,"1,135","1,321","$347,789",Mid-market,Existing,,MFG,FOOD-KINDRED,"Seafoods, fresh: prepared",05/26/10,AC-00604694
"WHITE DRIVE MOTORS & STEERING, LLC",6046990,US/Canada,172,168,"$38,953",Emerging,Existing,,MFG,AUTOMOTIVE,"Power steering equipment, motor vehicle",09/20/21,AC-00588868
WHITTLESEA BLUE CAB,6115772,US/Canada,"3,000",5,"$33,031",Enterprise,Existing,No,TRANS-DIST,LOCAL PASSENGER,Taxicabs,10/11/13,AC-00531492
WINPAK LTD,6196685,US/Canada,"4,800","2,237","$349,838",Enterprise,Existing,No,MFG,RUBBER-PLASTICS,"Packing materials, plastics sheet",07/29/19,AC-00538907
Wolf Steel Ltd,6197384,US/Canada,"1,210","1,188","$240,366",Mid-market,Existing,,MFG,FABRCTD METALS,"Logs, gas fireplace",09/30/10,AC-04685298
"Wurth Group of North America, Inc.",6184466,US/Canada,"4,359","4,291","$1,256,702",Enterprise,Existing,Yes  Active,TRANS-DIST,WHLSALE-DURABLE,Automotive supplies,07/01/19,AC-00496024
Wyckoff Heights Medical Center,6183514,US/Canada,"2,200","1,740","$1,361,318",Upper Mid-market,Existing,,HEALTHCARE,HOSPITALS,General medical and surgical hospitals,10/05/09,AC-03547568
YMCA of Metropolitan Chicago,6013069,US/Canada,"2,190","2,647","$614,082",Enterprise,Existing,,S&D,MEMBERSHIP ORGS,Youth organizations,07/03/04,AC-00376581
YOKOGAWA CORPORATION OF AMERICA,6196775,US/Canada,693,625,"$173,211",Mid-market,Existing,,MFG,INSTR RLTD PDTS,Ampere-hour meters,10/10/07,AC-00556363
YOUNG MEN'S CHRISTIAN ASSOCIATION OF DELAWARE,6197851,US/Canada,"1,836",990,"$207,161",Upper Mid-market,Existing,,HOSPITALITY,AMUSEMENT-REC,Physical fitness facilities,12/25/08,AC-04693891
YOUNG MEN'S CHRISTIAN ASSOCIATION OF GREATER KANSAS CITY,6182956,US/Canada,"1,609","1,402","$304,451",Upper Mid-market,Existing,,S&D,MEMBERSHIP ORGS,Youth organizations,10/10/07,AC-00637439
YOUNG MEN'S CHRISTIAN ASSOCIATION OF GREATER RICHMOND,6191570,US/Canada,"2,250","4,861","$486,959",Upper Mid-market,Existing,,S&D,MEMBERSHIP ORGS,Youth organizations,10/10/07,AC-00526239
,,,,,,,,,,,,,
"Applied filters:
Customer_Category is not (Blank) or Former
Customer_Product_Status__c is Created or Live
Name is UKG PRO TIME & ATTENDANCE (LM)
IsLiveYesNo is Yes
Parameter is Customer Count",,,,,,,,,,,,,
